attackLabel,throughputOut,throughputIn,packetsPerSecSent,packetsPerSecRecv,latency,packetLoss,jitter,bytesPerPacketOut,bytesPerPacketIn,bandwidthUtilOut,bandwidthUtilIn,outRstsRate,inSegsRate,outSegsRate,icmpInRate,routingTableSize,topAttackerRepeat,uniqueDestinationPorts,timeWaitConnections
normal,0.0267,0.0325,41,29,0.083,0,0.046,82.34,141.72,0.0,0.0,0.0,0.22,0.36,5.1,7,3,3,3
normal,0.0401,0.0315,37,49,0.052,0,0.013,136.73,81.08,0.0,0.0,0.0,0.22,0.35,5.13,7,3,3,3
normal,0.0208,0.0135,18,24,0.032,0,0.006,144.5,70.42,0.0,0.0,0.0,0.22,0.35,4.9,7,3,3,3
normal,0.0171,0.0212,27,19,0.082,0,0.084,79.52,140.26,0.0,0.0,0.0,0.28,0.45,0.68,6,4,4,4
normal,0.0348,0.023,31,41,0.025,0,0.003,141.55,70.78,0.0,0.0,0.0,0.22,0.4,4.84,7,3,3,3
normal,0.0391,0.0262,35,49,0.039,0,0.01,140.34,67.16,0.0,0.0,0.0,0.26,0.41,0.77,6,4,4,4
normal,0.0452,0.0299,39,55,0.083,0,0.043,145.51,68.31,0.0,0.0,0.0,0.29,0.46,0.63,6,4,4,4
normal,0.0237,0.0145,19,27,0.061,0,0.031,156.74,67.78,0.0,0.0,0.0,0.29,0.46,0.7,6,4,4,4
normal,0.0354,0.0443,55,41,0.046,0,0.012,80.65,135.49,0.0,0.0,0.0,0.22,0.36,4.98,7,3,3,3
normal,0.0385,0.0256,33,45,0.032,0,0.008,146.3,71.42,0.0,0.0,0.0,0.21,0.34,5.14,7,3,3,3
normal,0.042,0.033,35,49,0.108,0,0.055,151.37,84.98,0.0,0.0,0.0,0.22,0.35,5.02,7,3,3,3
normal,0.0192,0.0122,16,22,0.029,0,0.004,150.31,69.18,0.0,0.0,0.0,0.21,0.34,4.74,7,3,3,3
normal,0.0515,0.0334,45,63,0.048,0,0.008,143.73,66.65,0.01,0.0,0.0,0.26,0.41,0.77,6,4,4,4
normal,0.0025,0.0017,3,3,0.046,0,0.01,104.67,70.0,0.0,0.0,0.0,0.25,0.37,4.94,7,3,3,3
normal,0.0152,0.0162,26,20,0.072,0,0.02,73.46,101.8,0.0,0.0,0.0,0.29,0.46,0.87,6,4,4,4
normal,0.0193,0.0238,28,20,0.059,0,0.025,86.5,149.5,0.0,0.0,0.0,0.29,0.46,0.87,6,4,4,4
normal,0.0125,0.0088,13,15,0.035,0,0.007,121.0,73.73,0.0,0.0,0.0,0.21,0.33,4.9,7,3,3,3
normal,0.0222,0.0147,20,26,0.028,0,0.01,139.8,71.46,0.0,0.0,0.0,0.22,0.36,5.16,7,3,3,3
normal,0.0296,0.0187,29,35,0.025,0,0.005,128.62,67.26,0.0,0.0,0.0,0.22,0.35,5.2,7,3,3,3
normal,0.0208,0.0296,34,25,0.041,0,0.007,76.5,148.32,0.0,0.0,0.0,0.29,0.46,0.58,6,4,4,4
normal,0.0363,0.0221,31,41,0.059,0,0.023,146.87,67.51,0.0,0.0,0.0,0.29,0.46,0.76,6,4,4,4
normal,0.0272,0.0179,28,32,0.064,0,0.023,122.71,70.38,0.0,0.0,0.0,0.22,0.36,5.19,7,3,3,3
normal,0.0123,0.0077,10,14,0.031,0,0.01,153.7,68.71,0.0,0.0,0.0,0.22,0.36,5.02,7,3,3,3
normal,0.0355,0.0228,29,41,0.042,0,0.007,153.45,69.66,0.0,0.0,0.0,0.26,0.42,0.78,6,4,4,4
normal,0.0469,0.0282,39,53,0.081,0,0.034,150.87,66.79,0.0,0.0,0.0,0.29,0.46,0.87,6,4,4,4
normal,0.0288,0.019,26,34,0.049,0,0.007,139.88,70.47,0.0,0.0,0.0,0.29,0.46,0.64,6,4,4,4
normal,0.0148,0.0112,23,19,0.05,0,0.006,80.17,73.37,0.0,0.0,0.0,0.22,0.36,5.13,7,3,3,3
normal,0.0369,0.0238,34,46,0.04,0,0.008,136.41,65.02,0.0,0.0,0.0,0.29,0.46,0.81,6,4,4,4
normal,0.0134,0.0092,16,16,0.052,0,0.028,105.25,72.25,0.0,0.0,0.0,0.22,0.34,5.12,7,3,3,3
normal,0.0254,0.0172,22,30,0.024,0,0.002,145.73,72.2,0.0,0.0,0.0,0.2,0.37,4.57,7,3,3,3
normal,0.0143,0.018,21,17,0.04,0,0.01,85.81,133.76,0.0,0.0,0.0,0.29,0.46,0.87,6,4,4,4
normal,0.0147,0.0092,13,17,0.095,0,0.043,142.46,68.35,0.0,0.0,0.0,0.22,0.36,4.83,7,3,3,3
normal,0.0347,0.0285,32,44,0.045,0,0.005,136.56,81.57,0.0,0.0,0.0,0.22,0.36,5.19,7,3,3,3
normal,0.0415,0.0503,63,47,0.063,0,0.035,82.41,134.02,0.0,0.01,0.0,0.21,0.34,4.67,7,3,3,3
normal,0.0236,0.0327,37,25,0.039,0,0.007,80.38,164.96,0.0,0.0,0.0,0.29,0.46,0.87,6,4,4,4
normal,0.0239,0.0158,20,28,0.024,0,0.003,150.5,71.36,0.0,0.0,0.0,0.2,0.37,4.8,7,3,3,3
normal,0.0206,0.0271,33,23,0.056,0,0.045,78.21,147.22,0.0,0.0,0.0,0.29,0.46,0.87,6,4,4,4
normal,0.0175,0.0279,26,23,0.037,0,0.012,84.69,152.48,0.0,0.0,0.0,0.29,0.46,0.81,6,4,4,4
normal,0.0354,0.0236,36,42,0.032,0,0.006,123.31,70.62,0.0,0.0,0.0,0.22,0.35,5.1,7,3,3,3
normal,0.0069,0.0046,6,8,0.025,0,0.005,144.33,71.25,0.0,0.0,0.0,0.22,0.36,4.88,7,3,3,3
normal,0.0182,0.0114,17,21,0.038,0,0.007,134.24,67.71,0.0,0.0,0.0,0.22,0.34,5.0,7,3,3,3
normal,0.0174,0.0202,26,20,0.048,0,0.011,84.23,126.8,0.0,0.0,0.0,0.21,0.37,4.4,7,3,3,3
normal,0.0495,0.0315,41,57,0.066,0,0.025,151.32,69.37,0.0,0.0,0.0,0.28,0.44,0.83,6,4,4,4
normal,0.0147,0.0192,22,16,0.042,0,0.009,83.64,150.31,0.0,0.0,0.0,0.28,0.44,0.83,6,4,4,4
normal,0.0289,0.0169,23,32,0.03,0,0.011,157.0,66.12,0.0,0.0,0.0,0.21,0.33,4.94,7,3,3,3
normal,0.0297,0.0255,26,38,0.042,0,0.007,143.81,84.29,0.0,0.0,0.0,0.21,0.34,5.18,7,3,3,3
normal,0.0348,0.0409,52,38,0.043,0,0.008,84.08,134.92,0.0,0.0,0.0,0.22,0.34,4.66,7,3,3,3
normal,0.0409,0.0258,35,47,0.044,0,0.011,146.49,68.77,0.0,0.0,0.0,0.26,0.41,0.56,6,4,4,4
normal,0.013,0.0086,13,15,0.044,0,0.009,124.85,71.6,0.0,0.0,0.0,0.21,0.37,4.9,7,3,3,3
normal,0.0344,0.0209,29,39,0.044,0,0.014,149.17,67.44,0.0,0.0,0.0,0.22,0.36,4.88,7,3,3,3
normal,0.0458,0.037,43,59,0.045,0,0.012,134.35,79.12,0.0,0.0,0.0,0.22,0.36,4.98,7,3,3,3
normal,0.0483,0.0383,46,62,0.061,0,0.019,132.61,77.97,0.0,0.0,0.0,0.21,0.34,4.46,7,3,3,3
normal,0.0077,0.0052,7,9,0.037,0,0.01,137.71,72.67,0.0,0.0,0.0,0.2,0.37,4.37,7,3,3,3
normal,0.0492,0.0571,73,51,0.025,0,0.004,84.85,140.8,0.0,0.01,0.0,0.2,0.37,4.57,7,3,3,3
normal,0.0265,0.023,27,37,0.054,0,0.02,123.04,77.84,0.0,0.0,0.0,0.22,0.36,4.93,7,3,3,3
normal,0.0188,0.0243,30,22,0.048,0,0.017,78.87,138.82,0.0,0.0,0.0,0.21,0.34,5.18,7,3,3,3
normal,0.0204,0.0137,18,24,0.038,0,0.01,142.0,71.33,0.0,0.0,0.0,0.22,0.36,4.93,7,3,3,3
normal,0.0445,0.0334,37,51,0.044,0,0.005,151.27,82.35,0.0,0.0,0.0,0.22,0.35,5.02,7,3,3,3
normal,0.0441,0.0298,46,52,0.043,0,0.007,120.37,71.85,0.0,0.0,0.0,0.2,0.37,4.9,7,3,3,3
normal,0.0348,0.0237,34,42,0.027,0,0.006,129.24,71.14,0.0,0.0,0.0,0.21,0.33,4.68,7,3,3,3
normal,0.0168,0.01,13,19,0.057,0,0.017,162.38,66.32,0.0,0.0,0.0,0.22,0.34,4.83,7,3,3,3
normal,0.0061,0.0038,5,7,0.025,0,0.002,153.8,68.0,0.0,0.0,0.0,0.22,0.36,5.5,7,3,3,3
normal,0.0269,0.0175,21,31,0.023,0,0.0,160.29,70.65,0.0,0.0,0.0,0.22,0.36,4.75,7,3,3,3
normal,0.0309,0.041,47,35,0.033,0,0.004,82.55,146.97,0.0,0.0,0.0,0.29,0.46,0.87,6,4,4,4
normal,0.023,0.0283,36,30,0.026,0,0.004,80.44,118.5,0.0,0.0,0.0,0.21,0.34,4.74,7,3,3,3
normal,0.0226,0.0174,20,26,0.051,0,0.02,142.3,84.23,0.0,0.0,0.0,0.22,0.35,5.08,7,3,3,3
normal,0.0212,0.0273,31,24,0.038,0,0.004,85.87,142.54,0.0,0.0,0.0,0.29,0.46,0.86,6,4,4,4
normal,0.0349,0.043,54,40,0.028,0,0.011,81.07,134.78,0.0,0.0,0.0,0.24,0.37,4.35,7,3,3,3
normal,0.0265,0.0361,41,29,0.038,0,0.004,81.02,156.34,0.0,0.0,0.0,0.28,0.44,0.61,6,4,4,4
normal,0.0228,0.031,35,25,0.055,0,0.023,81.66,155.76,0.0,0.0,0.0,0.29,0.46,0.87,6,4,4,4
normal,0.025,0.0159,25,29,0.042,0,0.011,125.68,68.62,0.0,0.0,0.0,0.21,0.34,4.46,7,3,3,3
normal,0.0262,0.0165,27,31,0.021,0,0.002,121.33,66.39,0.0,0.0,0.0,0.22,0.36,4.88,7,3,3,3
normal,0.0295,0.0381,47,35,0.055,0,0.015,78.79,136.8,0.0,0.0,0.0,0.29,0.46,0.75,6,4,4,4
normal,0.0407,0.0264,33,47,0.061,0,0.043,154.61,70.43,0.0,0.0,0.0,0.22,0.36,5.2,7,3,3,3
normal,0.0355,0.0436,55,41,0.051,0,0.017,81.42,134.29,0.0,0.0,0.0,0.22,0.34,4.91,7,3,3,3
normal,0.0526,0.0622,79,57,0.044,0,0.008,83.47,136.77,0.01,0.01,0.0,0.21,0.34,4.85,7,3,3,3
normal,0.0229,0.0141,20,26,0.027,0,0.006,143.25,67.77,0.0,0.0,0.0,0.22,0.36,5.15,7,3,3,3
normal,0.0223,0.0149,18,26,0.029,0,0.007,155.22,71.62,0.0,0.0,0.0,0.22,0.36,4.75,7,3,3,3
normal,0.0321,0.022,28,40,0.044,0,0.004,143.54,68.83,0.0,0.0,0.0,0.28,0.45,0.61,6,4,4,4
normal,0.0216,0.0156,20,26,0.088,0,0.062,135.6,75.15,0.0,0.0,0.0,0.21,0.34,4.99,7,3,3,3
normal,0.0255,0.0167,24,32,0.035,0,0.01,133.12,65.16,0.0,0.0,0.0,0.28,0.45,0.84,6,4,4,4
normal,0.0208,0.0134,22,24,0.022,0,0.001,118.23,69.75,0.0,0.0,0.0,0.22,0.36,5.25,7,3,3,3
normal,0.0363,0.0443,56,42,0.052,0,0.014,81.36,132.4,0.0,0.0,0.0,0.22,0.36,5.06,7,3,3,3
normal,0.0133,0.0091,16,16,0.033,0,0.004,105.12,72.12,0.0,0.0,0.0,0.22,0.36,5.37,7,3,3,3
normal,0.0337,0.0391,50,36,0.048,0,0.006,84.4,135.97,0.0,0.0,0.0,0.21,0.34,4.92,7,3,3,3
normal,0.0561,0.0672,85,61,0.055,0,0.023,82.89,138.16,0.01,0.01,0.0,0.22,0.36,5.2,7,3,3,3
normal,0.0368,0.0241,40,44,0.026,0,0.005,116.08,68.91,0.0,0.0,0.0,0.24,0.37,4.49,7,3,3,3
normal,0.0205,0.0148,19,27,0.047,0,0.01,135.79,69.07,0.0,0.0,0.0,0.29,0.46,0.87,6,4,4,4
normal,0.0138,0.0186,21,18,0.035,0,0.006,82.67,129.78,0.0,0.0,0.0,0.26,0.41,0.72,6,4,4,4
normal,0.034,0.0212,31,39,0.032,0,0.007,137.68,68.15,0.0,0.0,0.0,0.21,0.34,4.86,7,3,3,3
normal,0.0073,0.0046,16,22,0.04,0,0.006,150.19,69.64,0.0,0.0,0.0,0.29,0.46,0.87,6,4,4,4
normal,0.0209,0.0253,30,22,0.047,0,0.003,87.6,144.86,0.0,0.0,0.0,0.28,0.44,0.83,6,4,4,4
normal,0.018,0.0251,27,21,0.039,0,0.006,83.85,150.71,0.0,0.0,0.0,0.27,0.44,0.6,6,4,4,4
normal,0.0155,0.0208,24,20,0.048,0,0.009,81.58,131.3,0.0,0.0,0.0,0.29,0.46,0.87,6,4,4,4
normal,0.0267,0.0173,25,31,0.028,0,0.007,133.8,69.68,0.0,0.0,0.0,0.22,0.35,5.03,7,3,3,3
normal,0.0357,0.0224,29,41,0.035,0,0.007,154.07,68.34,0.0,0.0,0.0,0.26,0.42,0.79,6,4,4,4
normal,0.0373,0.0249,32,46,0.04,0,0.006,146.59,67.93,0.0,0.0,0.0,0.29,0.46,0.64,6,4,4,4
normal,0.0327,0.0213,31,39,0.032,0,0.009,132.9,68.82,0.0,0.0,0.0,0.22,0.36,4.7,7,3,3,3
normal,0.0316,0.0206,30,40,0.049,0,0.007,132.3,64.78,0.0,0.0,0.0,0.28,0.45,0.68,6,4,4,4
normal,0.0165,0.0107,15,19,0.038,0,0.011,138.53,71.05,0.0,0.0,0.0,0.21,0.33,4.44,7,3,3,3
normal,0.0137,0.0091,18,16,0.041,0,0.004,95.61,71.38,0.0,0.0,0.0,0.22,0.36,5.29,7,3,3,3
normal,0.0448,0.055,69,49,0.038,0,0.007,81.74,141.43,0.0,0.01,0.0,0.2,0.32,4.54,7,3,3,3
normal,0.0403,0.0491,62,46,0.04,0,0.01,81.68,133.91,0.0,0.0,0.0,0.21,0.37,4.9,7,3,3,3
normal,0.0366,0.0234,32,42,0.045,0,0.007,143.28,69.9,0.0,0.0,0.0,0.22,0.35,5.1,7,3,3,3
normal,0.0177,0.0235,27,21,0.047,0,0.015,82.81,141.14,0.0,0.0,0.0,0.29,0.46,0.87,6,4,4,4
normal,0.0358,0.0228,43,43,0.049,0,0.011,104.51,66.6,0.0,0.0,0.0,0.22,0.36,4.97,7,3,3,3
normal,0.0358,0.0406,53,39,0.046,0,0.017,85.17,131.21,0.0,0.0,0.0,0.22,0.36,4.75,7,3,3,3
normal,0.0266,0.016,22,30,0.038,0,0.01,151.91,66.93,0.0,0.0,0.0,0.26,0.41,0.77,6,4,4,4
normal,0.0244,0.017,23,29,0.024,0,0.003,133.7,73.86,0.0,0.0,0.0,0.22,0.36,5.2,7,3,3,3
normal,0.0216,0.0138,19,25,0.054,0,0.017,143.0,69.2,0.0,0.0,0.0,0.21,0.34,4.89,7,3,3,3
normal,0.0239,0.0157,20,28,0.031,0,0.017,150.55,70.64,0.0,0.0,0.0,0.22,0.36,5.34,7,3,3,3
normal,0.0324,0.028,32,42,0.047,0,0.017,126.88,83.45,0.0,0.0,0.0,0.22,0.36,4.89,7,3,3,3
normal,0.0147,0.0093,13,17,0.027,0,0.003,142.46,68.94,0.0,0.0,0.0,0.22,0.36,4.69,7,3,3,3
normal,0.0315,0.0386,49,37,0.03,0,0.011,80.49,130.59,0.0,0.0,0.0,0.22,0.36,5.2,7,3,3,3
normal,0.0245,0.0165,24,32,0.045,0,0.004,128.46,64.78,0.0,0.0,0.0,0.28,0.44,0.83,6,4,4,4
normal,0.0364,0.0446,56,42,0.095,0,0.057,81.32,133.07,0.0,0.0,0.0,0.22,0.36,5.03,7,3,3,3
normal,0.0407,0.0331,39,53,0.045,0,0.012,130.69,78.3,0.0,0.0,0.0,0.21,0.34,4.85,7,3,3,3
normal,0.0273,0.02,23,31,0.041,0,0.007,149.52,81.16,0.0,0.0,0.0,0.2,0.32,4.54,7,3,3,3
normal,0.0211,0.0262,31,23,0.043,0,0.011,85.94,143.7,0.0,0.0,0.0,0.29,0.46,0.58,6,4,4,4
normal,0.0226,0.0138,20,26,0.069,0,0.025,142.8,67.0,0.0,0.0,0.0,0.29,0.46,0.87,6,4,4,4
normal,0.015,0.0094,13,17,0.036,0,0.015,144.77,68.94,0.0,0.0,0.0,0.22,0.36,4.89,7,3,3,3
normal,0.0526,0.0338,48,66,0.048,0,0.008,137.81,64.45,0.01,0.0,0.0,0.29,0.46,0.81,6,4,4,4
normal,0.0031,0.0027,4,4,0.055,0,0.044,98.0,84.0,0.0,0.0,0.0,0.22,0.36,5.03,7,3,3,3
normal,0.0394,0.0488,61,43,0.064,0,0.019,81.25,142.79,0.0,0.0,0.0,0.22,0.36,4.83,7,3,3,3
normal,0.034,0.024,34,46,0.048,0,0.016,125.68,65.61,0.0,0.0,0.0,0.27,0.43,0.65,6,4,4,4
normal,0.0498,0.0378,43,59,0.043,0,0.008,145.37,80.32,0.0,0.0,0.0,0.2,0.37,4.9,7,3,3,3
normal,0.0347,0.0393,53,39,0.033,0,0.007,82.11,126.31,0.0,0.0,0.0,0.26,0.42,0.79,6,4,4,4
normal,0.0179,0.012,17,21,0.031,0,0.01,132.0,71.81,0.0,0.0,0.0,0.22,0.36,5.2,7,3,3,3
normal,0.0254,0.0294,38,28,0.047,0,0.027,84.13,132.21,0.0,0.0,0.0,0.26,0.41,0.72,6,4,4,4
normal,0.0199,0.0229,29,22,0.032,0,0.001,86.21,130.86,0.0,0.0,0.0,0.26,0.41,0.67,6,4,4,4
normal,0.0346,0.0206,27,39,0.045,0,0.005,160.7,66.21,0.0,0.0,0.0,0.27,0.44,0.82,6,4,4,4
normal,0.0192,0.0146,16,22,0.051,0,0.016,150.31,83.18,0.0,0.0,0.0,0.22,0.35,5.15,7,3,3,3
normal,0.0297,0.0185,26,34,0.04,0,0.006,143.19,68.0,0.0,0.0,0.0,0.21,0.34,5.0,7,3,3,3
normal,0.0286,0.0184,27,33,0.059,0,0.066,132.52,69.7,0.0,0.0,0.0,0.21,0.34,4.93,7,3,3,3
normal,0.0148,0.0095,13,17,0.095,0,0.105,142.46,69.53,0.0,0.0,0.0,0.21,0.34,4.6,7,3,3,3
normal,0.0,0.0,0,0,0.039,0,0.01,0.0,0.0,0.0,0.0,0.0,0.29,0.46,0.64,6,4,4,4
normal,0.0274,0.0335,42,30,0.042,0,0.014,81.95,140.43,0.0,0.0,0.0,0.22,0.35,4.75,7,3,3,3
normal,0.0438,0.0279,46,52,0.031,0,0.014,119.09,67.15,0.0,0.0,0.0,0.21,0.34,4.8,7,3,3,3
normal,0.0122,0.0139,19,15,0.047,0,0.009,80.26,115.67,0.0,0.0,0.0,0.29,0.46,0.81,6,4,4,4
normal,0.0303,0.0193,28,38,0.04,0,0.007,135.79,63.71,0.0,0.0,0.0,0.26,0.41,0.51,6,4,4,4
normal,0.021,0.0141,25,25,0.023,0,0.004,106.08,71.28,0.0,0.0,0.0,0.21,0.34,5.06,7,3,3,3
normal,0.0232,0.0165,22,28,0.027,0,0.004,133.0,74.21,0.0,0.0,0.0,0.21,0.34,4.9,7,3,3,3
normal,0.0251,0.0177,24,30,0.059,0,0.026,130.96,73.87,0.0,0.0,0.0,0.22,0.36,5.5,7,3,3,3
normal,0.0299,0.0194,25,35,0.023,0,0.002,151.08,70.06,0.0,0.0,0.0,0.21,0.33,4.44,7,3,3,3
normal,0.0015,0.0018,3,3,0.044,0,0.01,84.0,104.67,0.0,0.0,0.0,0.29,0.46,0.87,6,4,4,4
normal,0.0125,0.0088,13,15,0.026,0,0.006,121.0,73.73,0.0,0.0,0.0,0.21,0.34,4.85,7,3,3,3
normal,0.0255,0.0189,21,29,0.044,0,0.009,152.05,81.79,0.0,0.0,0.0,0.21,0.37,4.9,7,3,3,3
normal,0.0185,0.013,16,22,0.061,0,0.025,145.0,74.0,0.0,0.0,0.0,0.22,0.34,4.66,7,3,3,3
normal,0.0425,0.0345,36,52,0.061,0,0.022,147.92,83.25,0.0,0.0,0.0,0.21,0.33,4.64,7,3,3,3
normal,0.037,0.0461,57,41,0.056,0,0.019,81.09,140.54,0.0,0.0,0.0,0.22,0.36,5.21,7,3,3,3
transit,4192.9457,4192.4222,56413,56410,0.034,0,0.007,9318.58,9317.91,100.0,100.0,0.0,0.22,0.34,4.69,7,3,3,3
transit,4.5923,371.9995,980,32314,0.063,0,0.06,586.82,1441.62,0.46,37.2,0.0,0.21,0.34,5.26,7,3,3,3
transit,4224.9108,4210.7867,57231,8201,0.036,0,0.01,9317.65,64806.2,100.0,100.0,0.0,0.27,0.44,0.6,6,4,4,4
transit,306.0601,294.47,48806,48801,0.033,0,0.006,785.2,755.54,30.61,29.45,0.0,0.28,0.44,0.83,6,4,4,4
transit,0.0378,344.0878,34,55640,0.037,0,0.013,138.85,773.33,0.0,34.41,0.0,0.28,0.45,0.67,6,4,4,4
transit,23.3849,10.705,60584,60577,0.027,0,0.01,117.99,54.02,2.34,1.07,0.0,0.29,0.46,0.87,6,4,4,4
transit,4138.7886,4138.7943,55912,55904,0.048,0,0.019,9315.74,9317.08,100.0,100.0,0.0,0.29,0.46,0.7,6,4,4,4
transit,282.4251,271.7493,45227,45418,0.032,0,0.009,782.25,749.52,28.24,27.17,0.0,0.29,0.46,0.87,6,4,4,4
transit,501.0289,4.6572,43826,1017,0.027,0,0.005,1440.63,577.06,50.1,0.47,0.0,0.29,0.46,0.87,6,4,4,4
transit,0.0151,350.517,16,57589,0.028,0,0.003,119.06,768.0,0.0,35.05,0.0,0.29,0.46,0.87,6,4,4,4
transit,16.308,33.1393,35415,35425,0.029,0,0.011,58.07,117.97,1.63,3.31,0.0,0.22,0.36,5.28,7,3,3,3
transit,81.1354,7.9373,18506,18494,0.025,0,0.007,552.94,54.13,8.11,0.79,0.0,0.29,0.46,0.87,6,4,4,4
transit,0.0211,379.0279,18,33291,0.036,0,0.012,146.72,1427.02,0.0,37.9,0.0,0.29,0.46,0.87,6,4,4,4
transit,12.4209,25.2317,26880,26890,0.032,0,0.005,58.09,117.96,1.24,2.52,0.0,0.22,0.36,4.98,7,3,3,3
transit,0.0427,43.3905,40,37032,0.024,0,0.002,134.7,147.88,0.0,4.34,0.0,0.29,0.46,0.64,6,4,4,4
transit,0.0069,19.8271,6,24036,0.039,0,0.012,144.5,103.99,0.0,1.98,0.0,0.28,0.44,0.77,6,4,4,4
transit,26.5976,26.6031,20613,20605,0.029,0,0.008,161.87,161.97,2.66,2.66,0.0,0.29,0.46,0.75,6,4,4,4
transit,9.665,19.2288,20846,20436,0.063,0,0.036,58.11,117.94,0.97,1.92,0.0,0.22,0.36,4.83,7,3,3,3
transit,288.161,277.3021,45940,45922,0.037,0,0.019,785.92,756.6,28.82,27.73,0.0,0.29,0.46,0.58,6,4,4,4
transit,248.7244,239.6164,39565,39808,0.026,0,0.009,791.25,757.62,24.87,23.96,0.0,0.28,0.45,0.79,6,4,4,4
transit,66.8461,4.8612,15154,15135,0.026,0,0.005,552.47,40.23,6.68,0.49,0.0,0.21,0.34,4.81,7,3,3,3
transit,47.3602,47.3669,36865,36854,0.023,0,0.004,161.93,162.0,4.74,4.74,0.0,0.27,0.43,0.8,6,4,4,4
transit,46.8334,42.7949,36362,36339,0.019,0,0.003,161.85,147.99,4.68,4.28,0.0,0.2,0.37,4.45,7,3,3,3
transit,350.2052,4.4303,30492,998,0.031,0,0.007,1439.19,556.27,35.02,0.44,0.0,0.21,0.34,5.19,7,3,3,3
transit,0.0349,88.9855,30,107159,0.05,0,0.021,145.8,103.99,0.0,8.9,0.0,0.29,0.46,0.87,6,4,4,4
transit,0.0314,139.4334,26,169077,0.025,0,0.004,152.38,103.99,0.0,13.94,0.0,0.26,0.42,0.79,6,4,4,4
transit,292.8252,304.4796,49187,49198,0.03,0,0.004,751.61,781.35,29.28,30.45,0.0,0.21,0.34,5.09,7,3,3,3
transit,36.5008,36.4937,28240,28248,0.049,0,0.026,161.99,161.92,3.65,3.65,0.0,0.21,0.34,5.01,7,3,3,3
transit,3259.1671,3248.802,43804,6277,0.034,0,0.017,9313.9,64790.26,100.0,100.0,0.0,0.22,0.35,4.6,7,3,3,3
transit,0.0331,21.7731,28,26260,0.032,0,0.005,148.43,103.95,0.0,2.18,0.0,0.28,0.45,0.85,6,4,4,4
transit,0.03,28.0633,24,6527,0.073,0,0.055,156.08,537.54,0.0,2.81,0.0,0.29,0.46,0.69,6,4,4,4
transit,4058.3481,4044.2566,54648,7841,0.038,0,0.014,9316.33,64704.9,100.0,100.0,0.0,0.29,0.46,0.87,6,4,4,4
transit,0.0457,529.0239,38,46730,0.033,0,0.007,151.68,1426.49,0.0,52.9,0.0,0.28,0.45,0.67,6,4,4,4
transit,122.916,56.268,130347,130340,0.031,0,0.016,117.99,54.02,12.29,5.63,0.0,0.29,0.46,0.87,6,4,4,4
transit,36.3001,36.3062,28121,28115,0.025,0,0.003,161.92,161.98,3.63,3.63,0.0,0.29,0.46,0.75,6,4,4,4
transit,7.3566,75.2264,16994,17003,0.033,0,0.02,54.12,553.12,0.74,7.52,0.0,0.2,0.33,4.96,7,3,3,3
transit,0.0256,430.3012,23,69598,0.037,0,0.011,140.48,779.78,0.0,43.03,0.0,0.29,0.46,0.7,6,4,4,4
transit,0.0299,265.3787,27,43285,0.046,0,0.028,139.48,772.11,0.0,26.54,0.0,0.28,0.44,0.83,6,4,4,4
transit,45.2378,45.2341,35208,35225,0.023,0,0.002,162.0,161.9,4.52,4.52,0.0,0.2,0.37,4.45,7,3,3,3
transit,4629.6823,4614.6501,62170,8902,0.025,0,0.004,9318.5,64867.46,100.0,100.0,0.0,0.28,0.45,0.85,6,4,4,4
transit,47.3217,43.24,36851,36838,0.028,0,0.009,161.91,147.99,4.73,4.32,0.0,0.2,0.37,4.85,7,3,3,3
transit,0.0268,25.9099,23,31174,0.03,0,0.004,145.91,103.96,0.0,2.59,0.0,0.28,0.45,0.84,6,4,4,4
transit,0.0401,349.1792,32,56091,0.03,0,0.006,156.94,780.05,0.0,34.92,0.0,0.29,0.46,0.87,6,4,4,4
transit,374.6021,4.6477,32547,1001,0.063,0,0.05,1440.83,581.25,37.46,0.46,0.0,0.27,0.44,0.55,6,4,4,4
transit,0.0236,136.9069,19,165944,0.029,0,0.002,156.74,103.99,0.0,13.69,0.0,0.29,0.46,0.64,6,4,4,4
transit,0.0307,22.8203,28,27519,0.037,0,0.007,137.36,103.95,0.0,2.28,0.0,0.29,0.46,0.87,6,4,4,4
transit,0.0422,409.4306,36,36093,0.027,0,0.003,147.5,1426.12,0.0,40.94,0.0,0.29,0.46,0.64,6,4,4,4
transit,36.4509,33.3095,28207,28194,0.03,0,0.012,161.87,147.99,3.65,3.33,0.0,0.22,0.35,4.79,7,3,3,3
transit,146.0784,66.8668,156168,156150,0.021,0,0.004,117.99,54.02,14.61,6.69,0.0,0.29,0.46,0.87,6,4,4,4
transit,487.7775,4.8875,42657,1065,0.034,0,0.009,1440.69,578.19,48.78,0.49,0.0,0.26,0.42,0.79,6,4,4,4
transit,4436.5554,4436.5519,59643,59649,0.045,0,0.032,9318.24,9317.3,100.0,100.0,0.0,0.22,0.36,5.15,7,3,3,3
transit,11.4634,23.2848,24734,24746,0.06,0,0.027,58.09,117.94,1.15,2.33,0.0,0.22,0.36,4.88,7,3,3,3
transit,0.0296,61.6368,25,14391,0.038,0,0.009,148.96,538.78,0.0,6.16,0.0,0.29,0.46,0.7,6,4,4,4
transit,29.21,11.016,31246,31508,0.028,0,0.006,117.95,44.11,2.92,1.1,0.0,0.21,0.33,4.76,7,3,3,3
transit,140.1899,135.1057,22543,23042,0.055,0,0.024,782.0,737.32,14.02,13.51,0.0,0.28,0.44,0.83,6,4,4,4
transit,0.0295,121.837,26,18899,0.046,0,0.02,143.08,811.65,0.0,12.18,0.0,0.0,0.0,0.0,6,4,4,4
transit,19.6655,9.7455,20918,21012,0.031,0,0.006,117.9,58.17,1.97,0.97,0.0,0.28,0.45,0.84,6,4,4,4
transit,410.3999,4.662,35617,1000,0.033,0,0.013,1441.28,583.13,41.04,0.47,0.0,0.29,0.46,0.64,6,4,4,4
transit,4110.025,4096.2845,55276,7918,0.043,0,0.008,9317.87,64831.1,100.0,100.0,0.0,0.29,0.46,0.58,6,4,4,4
transit,85.7881,8.4013,19573,19559,0.023,0,0.006,552.72,54.17,8.58,0.84,0.0,0.29,0.46,0.81,6,4,4,4
transit,241.7117,251.3512,40405,40419,0.033,0,0.003,750.17,779.81,24.17,25.14,0.0,0.22,0.35,4.98,7,3,3,3
transit,0.0393,68.9919,38,16033,0.045,0,0.032,129.29,538.46,0.0,6.9,0.0,0.29,0.46,0.7,6,4,4,4
transit,0.0103,294.3209,11,48047,0.028,0,0.003,117.45,766.45,0.0,29.43,0.0,0.29,0.46,0.7,6,4,4,4
transit,0.0216,32.7913,19,27872,0.03,0,0.013,143.11,147.93,0.0,3.28,0.0,0.28,0.45,0.85,6,4,4,4
transit,328.3803,310.2841,52655,52931,0.032,0,0.012,787.18,739.92,32.84,31.03,0.0,0.21,0.34,5.28,7,3,3,3
transit,278.9516,289.7616,46815,46538,0.03,0,0.01,752.03,785.83,27.9,28.98,0.0,0.2,0.37,4.36,7,3,3,3
transit,4331.4431,4316.4383,58226,8351,0.025,0,0.003,9316.45,64732.4,100.0,100.0,0.0,0.28,0.44,0.83,6,4,4,4
transit,9.1438,93.7086,21317,21324,0.025,0,0.004,54.04,553.67,0.91,9.37,0.0,0.2,0.37,4.39,7,3,3,3
transit,4.7503,366.2886,1031,31841,0.04,0,0.007,576.81,1440.17,0.48,36.63,0.0,0.21,0.34,5.22,7,3,3,3
transit,0.0459,19.7879,40,23898,0.033,0,0.005,144.15,103.91,0.0,1.98,0.0,0.29,0.46,0.87,6,4,4,4
transit,12.3319,24.7619,26611,26290,0.042,0,0.008,58.04,117.97,1.23,2.48,0.0,0.22,0.35,5.18,7,3,3,3
transit,32.521,32.5126,25163,25173,0.038,0,0.008,161.98,161.87,3.25,3.25,0.0,0.21,0.34,4.89,7,3,3,3
transit,313.9344,302.1657,50311,50734,0.035,0,0.014,782.25,746.65,31.39,30.22,0.0,0.29,0.46,0.87,6,4,4,4
transit,0.0363,30.5965,30,37092,0.025,0,0.002,152.67,103.95,0.0,3.06,0.0,0.29,0.46,0.81,6,4,4,4
transit,395.2411,373.3295,63347,63336,0.021,0,0.002,786.77,743.29,39.52,37.33,0.0,0.2,0.37,4.15,7,3,3,3
transit,298.4145,310.1366,49378,49388,0.045,0,0.005,756.24,785.79,29.84,31.01,0.0,0.22,0.36,5.29,7,3,3,3
transit,35.8213,32.7279,27881,27874,0.028,0,0.008,161.93,147.98,3.58,3.27,0.0,0.22,0.36,5.34,7,3,3,3
transit,4415.5857,4400.3053,59251,8484,0.025,0,0.006,9318.23,64851.9,100.0,100.0,0.0,0.29,0.46,0.87,6,4,4,4
transit,16.2262,32.9591,35213,35227,0.024,0,0.002,58.09,117.95,1.62,3.3,0.0,0.21,0.33,4.76,7,3,3,3
transit,12.2957,24.9948,26527,26533,0.036,0,0.008,58.04,117.96,1.23,2.5,0.0,0.22,0.36,5.25,7,3,3,3
transit,9.2512,18.5587,19905,19685,0.04,0,0.006,58.13,117.91,0.93,1.86,0.0,0.22,0.36,5.1,7,3,3,3
transit,41.4232,41.4312,32261,32254,0.027,0,0.007,161.92,161.99,4.14,4.14,0.0,0.26,0.41,0.61,6,4,4,4
transit,24.9024,9.3033,26453,26447,0.029,0,0.01,117.96,44.08,2.49,0.93,0.0,0.21,0.34,4.92,7,3,3,3
transit,0.0199,435.1791,19,71195,0.031,0,0.006,132.05,770.03,0.0,43.52,0.0,0.26,0.41,0.78,6,4,4,4
transit,79.0301,5.7633,17920,17901,0.021,0,0.002,552.0,40.3,7.9,0.58,0.0,0.22,0.36,5.02,7,3,3,3
transit,43.7418,43.7487,33902,33889,0.032,0,0.01,161.91,161.99,4.37,4.37,0.0,0.29,0.46,0.87,6,4,4,4
transit,5387.6927,5369.7018,72679,10431,0.021,0,0.005,9310.43,64654.73,100.0,100.0,0.0,0.2,0.33,4.4,7,3,3,3
transit,8.4529,4.1615,24488,24478,0.022,0,0.001,117.94,58.09,0.85,0.42,0.0,0.29,0.46,0.76,6,4,4,4
transit,0.0473,65.7424,39,15324,0.056,0,0.046,152.15,538.24,0.0,6.57,0.0,0.28,0.44,0.83,6,4,4,4
transit,4.8069,366.1244,1047,31841,0.033,0,0.009,574.96,1439.99,0.48,36.61,0.0,0.22,0.35,4.93,7,3,3,3
transit,0.0308,38.9721,25,46999,0.039,0,0.014,154.6,103.97,0.0,3.9,0.0,0.29,0.46,0.87,6,4,4,4
transit,0.0509,34.1779,42,28955,0.028,0,0.003,151.67,147.84,0.01,3.42,0.0,0.28,0.44,0.66,6,4,4,4
transit,0.0183,78.5635,15,18385,0.031,0,0.006,153.8,539.46,0.0,7.86,0.0,0.28,0.45,0.84,6,4,4,4
transit,496.4302,4.8458,43424,1057,0.022,0,0.003,1440.78,577.77,49.64,0.48,0.0,0.26,0.41,0.67,6,4,4,4
transit,301.8977,290.6111,48110,48357,0.03,0,0.005,785.67,752.44,30.19,29.06,0.0,0.27,0.44,0.82,6,4,4,4
transit,0.0461,22.6983,39,27374,0.033,0,0.006,148.05,103.93,0.0,2.27,0.0,0.27,0.44,0.6,6,4,4,4
transit,93.6195,9.1392,21311,21303,0.024,0,0.01,553.58,54.06,9.36,0.91,0.0,0.26,0.41,0.72,6,4,4,4
transit,413.0022,4.5273,35901,1019,0.027,0,0.007,1439.65,556.0,41.3,0.45,0.0,0.22,0.35,5.29,7,3,3,3
transit,380.0312,4.6772,33027,1011,0.046,0,0.019,1440.56,579.18,38.0,0.47,0.0,0.29,0.46,0.64,6,4,4,4
transit,0.0234,14.0553,21,16950,0.037,0,0.007,139.67,103.94,0.0,1.41,0.0,0.27,0.43,0.81,6,4,4,4
transit,34.6985,34.6918,26946,26957,0.033,0,0.005,161.99,161.89,3.47,3.47,0.0,0.22,0.36,4.92,7,3,3,3
transit,381.3123,4.6618,33157,1003,0.051,0,0.047,1441.06,582.41,38.13,0.47,0.0,0.29,0.46,0.81,6,4,4,4
transit,13.5955,27.6087,29274,29288,0.037,0,0.013,58.11,117.95,1.36,2.76,0.0,0.22,0.36,5.07,7,3,3,3
transit,0.0402,31.2244,33,37853,0.029,0,0.005,153.52,103.96,0.0,3.12,0.0,0.29,0.46,0.76,6,4,4,4
transit,0.0348,312.5621,32,50479,0.043,0,0.015,136.16,775.95,0.0,31.26,0.0,0.28,0.44,0.83,6,4,4,4
transit,385.2823,400.3382,64256,64186,0.028,0,0.005,756.04,786.44,38.53,40.03,0.0,0.22,0.36,4.66,7,3,3,3
transit,4179.1304,4179.6476,56085,56100,0.029,0,0.004,9317.25,9315.92,100.0,100.0,0.0,0.22,0.35,5.09,7,3,3,3
transit,0.0295,322.2371,26,52588,0.032,0,0.012,142.38,768.02,0.0,32.22,0.0,0.27,0.43,0.7,6,4,4,4
transit,0.0202,393.3348,18,34542,0.027,0,0.003,140.89,1427.06,0.0,39.33,0.0,0.29,0.46,0.81,6,4,4,4
transit,5136.7526,5119.5797,69492,9956,0.027,0,0.007,9317.69,64819.21,100.0,100.0,0.0,0.26,0.42,0.78,6,4,4,4
transit,4420.6344,4420.6455,59374,59360,0.022,0,0.002,9313.23,9315.45,100.0,100.0,0.0,0.28,0.45,0.85,6,4,4,4
transit,29.2268,14.4966,31250,31472,0.026,0,0.003,117.95,58.09,2.92,1.45,0.0,0.26,0.41,0.77,6,4,4,4
transit,91.7478,8.9732,20898,20889,0.023,0,0.005,553.16,54.12,9.17,0.9,0.0,0.29,0.46,0.87,6,4,4,4
transit,0.0615,37.3786,52,31758,0.036,0,0.016,148.48,147.82,0.01,3.74,0.0,0.29,0.46,0.64,6,4,4,4
transit,4095.4586,4095.464,55069,55061,0.033,0,0.008,9316.16,9317.53,100.0,100.0,0.0,0.28,0.44,0.83,6,4,4,4
transit,0.0313,34.1341,26,29039,0.055,0,0.035,151.62,147.9,0.0,3.41,0.0,0.28,0.45,0.84,6,4,4,4
transit,0.0274,46.4322,24,39542,0.033,0,0.009,143.88,147.94,0.0,4.64,0.0,0.29,0.46,0.87,6,4,4,4
transit,24.2882,12.0835,25815,26056,0.031,0,0.007,117.93,58.13,2.43,1.21,0.0,0.28,0.45,0.79,6,4,4,4
transit,48.472,44.2899,37632,37618,0.03,0,0.016,161.9,147.99,4.85,4.43,0.0,0.22,0.36,4.65,7,3,3,3
transit,0.032,22.3201,27,26926,0.035,0,0.007,148.41,103.94,0.0,2.23,0.0,0.29,0.46,0.87,6,4,4,4
transit,35.2354,32.2029,27238,27222,0.029,0,0.004,161.82,147.98,3.52,3.22,0.0,0.22,0.36,5.11,7,3,3,3
transit,49.6621,4.8591,11328,11321,0.053,0,0.023,553.0,54.14,4.97,0.49,0.0,0.29,0.46,0.69,6,4,4,4
transit,11.6013,23.4818,25029,24920,0.047,0,0.022,58.04,117.98,1.16,2.35,0.0,0.22,0.35,4.92,7,3,3,3
transit,370.4941,4.809,32241,1040,0.039,0,0.02,1440.69,579.72,37.05,0.48,0.0,0.29,0.46,0.87,6,4,4,4
transit,0.0397,31.5855,32,38291,0.032,0,0.005,156.31,103.96,0.0,3.16,0.0,0.26,0.41,0.77,6,4,4,4
transit,16.6063,33.7276,36048,36038,0.028,0,0.008,58.07,117.96,1.66,3.37,0.0,0.22,0.36,5.11,7,3,3,3
transit,363.1589,377.1676,60811,60411,0.023,0,0.003,753.3,787.53,36.32,37.72,0.0,0.2,0.37,4.15,7,3,3,3
transit,47.1644,47.1672,36699,36688,0.033,0,0.01,161.93,161.98,4.72,4.72,0.0,0.27,0.44,0.71,6,4,4,4
transit,0.0239,45.6255,23,38875,0.025,0,0.003,131.04,147.93,0.0,4.56,0.0,0.26,0.41,0.61,6,4,4,4
transit,0.0335,52.489,31,12290,0.056,0,0.048,136.19,538.35,0.0,5.25,0.0,0.29,0.46,0.87,6,4,4,4
transit,33.01,33.0105,25551,25545,0.023,0,0.002,161.95,161.99,3.3,3.3,0.0,0.28,0.44,0.66,6,4,4,4
transit,0.0354,23.3216,32,28069,0.032,0,0.005,138.47,103.95,0.0,2.33,0.0,0.27,0.44,0.82,6,4,4,4
transit,4036.295,4023.3189,54651,7828,0.024,0,0.002,9318.17,64845.45,100.0,100.0,0.0,0.29,0.46,0.87,6,4,4,4
transit,24.1307,11.9932,25758,26008,0.047,0,0.032,117.96,58.07,2.41,1.2,0.0,0.28,0.45,0.84,6,4,4,4
transit,0.0203,38.7048,20,32714,0.034,0,0.009,126.7,147.94,0.0,3.87,0.0,0.28,0.45,0.79,6,4,4,4
transit,495.1705,4.8115,43346,1055,0.03,0,0.012,1440.62,575.14,49.52,0.48,0.0,0.26,0.42,0.79,6,4,4,4
transit,52.9053,5.1835,11973,11962,0.025,0,0.004,552.53,54.19,5.29,0.52,0.0,0.29,0.46,0.7,6,4,4,4
transit,0.047,77.0701,37,17907,0.043,0,0.032,158.84,538.6,0.0,7.71,0.0,0.29,0.46,0.64,6,4,4,4
transit,5348.9355,5348.94,72241,72233,0.022,0,0.008,9317.15,9318.19,100.0,100.0,0.0,0.26,0.41,0.77,6,4,4,4
transit,378.3841,4.7681,32920,1052,0.03,0,0.007,1440.88,568.17,37.84,0.48,0.0,0.21,0.34,5.22,7,3,3,3
transit,5154.9693,5137.739,69755,9989,0.032,0,0.006,9318.09,64852.41,100.0,100.0,0.0,0.29,0.46,0.76,6,4,4,4
transit,381.3586,4.7915,33156,1032,0.033,0,0.01,1440.89,581.64,38.14,0.48,0.0,0.28,0.44,0.77,6,4,4,4
transit,4521.453,4506.356,60771,8725,0.033,0,0.009,9309.61,64626.38,100.0,100.0,0.0,0.22,0.35,5.09,7,3,3,3
transit,295.7571,307.3629,49476,49204,0.035,0,0.015,748.49,782.16,29.58,30.74,0.0,0.22,0.35,5.03,7,3,3,3
transit,379.1702,364.7658,61052,61134,0.027,0,0.006,782.67,751.93,37.92,36.48,0.0,0.29,0.46,0.87,6,4,4,4
transit,0.0228,317.7071,21,52283,0.043,0,0.017,136.24,762.32,0.0,31.77,0.0,0.27,0.44,0.71,6,4,4,4
transit,45.1826,45.1819,34990,34993,0.03,0,0.007,161.99,161.97,4.52,4.52,0.0,0.21,0.34,5.06,7,3,3,3
transit,0.0185,312.0242,19,50909,0.036,0,0.011,122.84,773.66,0.0,31.2,0.0,0.26,0.42,0.79,6,4,4,4
transit,34.8829,34.893,26979,26967,0.029,0,0.008,161.87,161.99,3.49,3.49,0.0,0.29,0.46,0.87,6,4,4,4
transit,106.3579,48.6892,112774,112763,0.027,0,0.004,117.99,54.02,10.64,4.87,0.0,0.28,0.45,0.85,6,4,4,4
router_dos,0.0209,77.4435,18,65539,0.029,0,0.006,145.56,147.97,0.0,7.74,0.0,0.29,0.46,59904.07,6,4,4,4
router_dos,0.0153,0.0177,24,20,0.035,0,0.012,79.54,110.65,0.0,0.0,0.0,0.29,0.46,59904.07,6,4,4,4
router_dos,0.0386,80.1239,33,67752,0.043,0,0.013,146.24,147.95,0.0,8.01,0.0,0.28,0.44,62616.49,6,4,4,4
router_dos,0.0267,0.035,40,28,0.043,0,0.009,83.55,156.5,0.0,0.0,0.0,0.28,0.44,62616.49,6,4,4,4
router_dos,0.031,94.1806,26,79688,0.04,0,0.01,149.15,147.96,0.0,9.42,0.0,0.27,0.44,7579.06,6,4,4,4
router_dos,0.0145,0.0192,22,16,0.03,0,0.003,82.73,150.31,0.0,0.0,0.0,0.27,0.44,7579.06,6,4,4,4
router_dos,0.0315,79.2876,27,67120,0.045,0,0.003,145.96,147.96,0.0,7.93,0.0,0.28,0.44,57912.25,6,4,4,4
router_dos,0.0289,0.0389,44,34,0.043,0,0.023,82.14,143.12,0.0,0.0,0.0,0.28,0.44,57912.25,6,4,4,4
router_dos,0.0283,79.7131,24,67414,0.034,0,0.01,147.42,147.96,0.0,7.97,0.0,0.29,0.46,60833.31,6,4,4,4
router_dos,0.0283,0.0363,42,30,0.035,0,0.01,84.24,151.63,0.0,0.0,0.0,0.29,0.46,60833.31,6,4,4,4
router_dos,0.0359,78.6564,30,66544,0.041,0,0.018,149.77,147.95,0.0,7.87,0.0,0.27,0.44,57618.11,6,4,4,4
router_dos,0.0422,0.0532,64,44,0.036,0,0.011,82.67,151.57,0.0,0.01,0.0,0.27,0.44,57618.11,6,4,4,4
router_dos,0.0347,78.859,30,66673,0.03,0,0.004,144.57,147.95,0.0,7.89,0.0,0.29,0.46,18133.64,6,4,4,4
router_dos,0.0117,0.0132,16,12,0.031,0,0.005,91.25,137.42,0.0,0.0,0.0,0.29,0.46,18133.64,6,4,4,4
router_dos,0.0401,78.476,31,66352,0.035,0,0.01,161.61,147.94,0.0,7.85,0.0,0.28,0.44,56613.7,6,4,4,4
router_dos,0.0171,0.023,26,18,0.037,0,0.022,82.31,159.89,0.0,0.0,0.0,0.28,0.44,56613.7,6,4,4,4
router_dos,0.0307,80.6455,29,68176,0.04,0,0.014,132.21,147.95,0.0,8.06,0.0,0.29,0.46,60483.28,6,4,4,4
router_dos,0.0155,0.02,23,17,0.034,0,0.005,84.26,147.24,0.0,0.0,0.0,0.29,0.46,60483.28,6,4,4,4
router_dos,0.0223,74.7547,18,63229,0.047,0,0.03,155.28,147.97,0.0,7.48,0.0,0.27,0.44,39722.79,6,4,4,4
router_dos,0.026,0.0351,40,30,0.048,0,0.013,81.55,146.43,0.0,0.0,0.0,0.27,0.44,39722.79,6,4,4,4
router_dos,0.0418,64.0278,34,54590,0.051,0,0.02,154.91,147.93,0.0,6.4,0.0,0.27,0.44,55784.58,6,4,4,4
router_dos,0.034,0.0415,52,38,0.032,0,0.005,81.94,137.03,0.0,0.0,0.0,0.27,0.44,55784.58,6,4,4,4
router_dos,0.0435,88.4763,41,75458,0.041,0,0.009,133.76,147.94,0.0,8.85,0.0,0.29,0.46,60655.79,6,4,4,4
router_dos,0.0109,0.0124,15,11,0.056,0,0.013,90.8,140.91,0.0,0.0,0.0,0.29,0.46,60655.79,6,4,4,4
router_dos,0.0318,78.4184,27,66484,0.043,0,0.018,147.96,147.96,0.0,7.84,0.0,0.27,0.44,56598.74,6,4,4,4
router_dos,0.0202,0.0246,32,24,0.028,0,0.004,79.09,128.46,0.0,0.0,0.0,0.27,0.44,56598.74,6,4,4,4
router_dos,0.0337,79.0937,30,66931,0.043,0,0.016,140.73,147.95,0.0,7.91,0.0,0.28,0.44,56475.29,6,4,4,4
router_dos,0.026,0.0319,40,30,0.034,0,0.012,81.97,134.23,0.0,0.0,0.0,0.28,0.44,56475.29,6,4,4,4
router_dos,0.0357,82.0613,32,69428,0.04,0,0.011,139.72,147.95,0.0,8.21,0.0,0.29,0.46,59390.66,6,4,4,4
router_dos,0.0052,0.0066,8,6,0.035,0,0.016,85.25,144.5,0.0,0.0,0.0,0.29,0.46,59390.66,6,4,4,4
router_dos,0.0365,81.1589,31,68596,0.049,0,0.021,147.13,147.95,0.0,8.12,0.0,0.29,0.46,62019.73,6,4,4,4
router_dos,0.0197,0.0263,30,22,0.042,0,0.009,82.27,149.55,0.0,0.0,0.0,0.29,0.46,62019.73,6,4,4,4
router_dos,0.0368,78.0086,34,66115,0.037,0,0.006,135.88,147.94,0.0,7.8,0.0,0.28,0.45,33904.4,6,4,4,4
router_dos,0.02,0.0249,32,23,0.038,0,0.01,78.47,135.96,0.0,0.0,0.0,0.28,0.45,33904.4,6,4,4,4
router_dos,0.0298,82.7063,24,70264,0.032,0,0.008,156.08,147.96,0.0,8.27,0.0,0.27,0.44,54980.71,6,4,4,4
router_dos,0.0223,0.0283,33,23,0.03,0,0.007,84.85,154.91,0.0,0.0,0.0,0.27,0.44,54980.71,6,4,4,4
router_dos,0.0216,78.7761,19,66622,0.04,0,0.01,142.05,147.97,0.0,7.88,0.0,0.29,0.46,64357.57,6,4,4,4
router_dos,0.0284,0.0361,45,35,0.036,0,0.007,79.18,129.29,0.0,0.0,0.0,0.29,0.46,64357.57,6,4,4,4
router_dos,0.0438,80.3312,37,68047,0.035,0,0.006,148.3,147.94,0.0,8.03,0.0,0.27,0.43,13616.42,6,4,4,4
router_dos,0.0384,0.0477,58,40,0.038,0,0.015,82.84,149.18,0.0,0.0,0.0,0.27,0.43,13616.42,6,4,4,4
router_dos,0.0184,79.7707,15,67499,0.035,0,0.017,153.73,147.98,0.0,7.98,0.0,0.29,0.46,59918.35,6,4,4,4
router_dos,0.0358,0.0468,56,40,0.038,0,0.015,80.52,147.22,0.0,0.0,0.0,0.29,0.46,59918.35,6,4,4,4
router_dos,0.025,84.1244,23,71092,0.034,0,0.009,135.83,147.96,0.0,8.41,0.0,0.27,0.44,57790.51,6,4,4,4
router_dos,0.0229,0.0279,35,25,0.042,0,0.01,82.09,139.84,0.0,0.0,0.0,0.27,0.44,57790.51,6,4,4,4
router_dos,0.0404,83.0537,36,70656,0.034,0,0.007,141.39,147.94,0.0,8.31,0.0,0.29,0.46,40596.4,6,4,4,4
router_dos,0.0259,0.0296,40,28,0.031,0,0.01,80.8,132.36,0.0,0.0,0.0,0.29,0.46,40596.4,6,4,4,4
router_dos,0.0309,82.6734,27,69954,0.036,0,0.008,143.22,147.96,0.0,8.27,0.0,0.29,0.46,63038.49,6,4,4,4
router_dos,0.0302,0.0402,46,34,0.029,0,0.007,82.7,148.85,0.0,0.0,0.0,0.29,0.46,63038.49,6,4,4,4
router_dos,0.0288,76.5456,28,65246,0.038,0,0.009,129.71,147.95,0.0,7.65,0.0,0.29,0.46,61038.42,6,4,4,4
router_dos,0.0344,0.0452,54,38,0.029,0,0.006,80.24,149.76,0.0,0.0,0.0,0.29,0.46,61038.42,6,4,4,4
router_dos,0.0444,78.9837,37,66961,0.049,0,0.017,150.41,147.93,0.0,7.9,0.0,0.29,0.46,58536.88,6,4,4,4
router_dos,0.0321,0.0417,48,34,0.036,0,0.019,83.83,153.47,0.0,0.0,0.0,0.29,0.46,58536.88,6,4,4,4
router_dos,0.0288,78.8486,25,66656,0.052,0,0.026,144.12,147.96,0.0,7.88,0.0,0.28,0.45,22526.33,6,4,4,4
router_dos,0.0197,0.0263,30,22,0.031,0,0.005,82.0,149.64,0.0,0.0,0.0,0.28,0.45,22526.33,6,4,4,4
router_dos,0.0158,88.5678,14,74920,0.057,0,0.045,141.43,147.98,0.0,8.86,0.0,0.29,0.46,64066.9,6,4,4,4
router_dos,0.0078,0.0088,15,13,0.029,0,0.007,73.13,95.23,0.0,0.0,0.0,0.29,0.46,64066.9,6,4,4,4
router_dos,0.0311,66.6744,25,56400,0.034,0,0.013,155.76,147.95,0.0,6.67,0.0,0.29,0.46,64813.48,6,4,4,4
router_dos,0.0232,0.0321,36,26,0.04,0,0.012,80.67,154.35,0.0,0.0,0.0,0.29,0.46,64813.48,6,4,4,4
router_dos,0.0215,91.5405,19,78092,0.039,0,0.008,143.05,147.97,0.0,9.15,0.0,0.29,0.46,13346.04,6,4,4,4
router_dos,0.0327,0.0387,49,37,0.037,0,0.01,83.49,130.95,0.0,0.0,0.0,0.29,0.46,13346.04,6,4,4,4
router_dos,0.041,86.4883,33,73112,0.032,0,0.008,155.21,147.95,0.0,8.65,0.0,0.28,0.45,63519.9,6,4,4,4
router_dos,0.0186,0.0242,28,22,0.028,0,0.004,83.36,137.86,0.0,0.0,0.0,0.28,0.45,63519.9,6,4,4,4
router_dos,0.0375,86.559,31,73185,0.04,0,0.016,151.52,147.95,0.0,8.66,0.0,0.28,0.45,63270.25,6,4,4,4
router_dos,0.0298,0.0394,45,33,0.035,0,0.019,83.02,149.33,0.0,0.0,0.0,0.28,0.45,63270.25,6,4,4,4
router_dos,0.0191,49.2598,19,41832,0.064,0,0.025,126.63,147.95,0.0,4.93,0.0,0.29,0.46,49099.66,6,4,4,4
router_dos,0.0363,0.046,54,38,0.075,0,0.07,84.93,152.79,0.0,0.0,0.0,0.29,0.46,49099.66,6,4,4,4
router_dos,0.0186,56.8234,16,48393,0.069,0,0.032,146.25,147.97,0.0,5.68,0.0,0.28,0.45,44197.91,6,4,4,4
router_dos,0.0071,0.0095,11,9,0.034,0,0.013,80.91,133.22,0.0,0.0,0.0,0.28,0.45,44197.91,6,4,4,4
router_dos,0.0399,60.0965,35,50900,0.051,0,0.03,142.77,147.92,0.0,6.01,0.0,0.29,0.46,47779.39,6,4,4,4
router_dos,0.0122,0.0166,19,15,0.043,0,0.018,80.53,139.0,0.0,0.0,0.0,0.29,0.46,47779.39,6,4,4,4
router_dos,0.0275,101.5005,25,86531,0.025,0,0.003,138.68,147.97,0.0,10.15,0.0,0.26,0.42,55880.48,6,4,4,4
router_dos,0.0125,0.0147,20,16,0.027,0,0.004,78.95,115.69,0.0,0.0,0.0,0.26,0.42,55880.48,6,4,4,4
router_dos,0.041,99.7794,39,85019,0.035,0,0.011,132.59,147.95,0.0,9.98,0.0,0.29,0.46,76726.85,6,4,4,4
router_dos,0.0134,0.017,20,16,0.031,0,0.006,84.7,134.12,0.0,0.0,0.0,0.29,0.46,76726.85,6,4,4,4
router_dos,0.0422,94.3755,35,80429,0.025,0,0.001,151.89,147.95,0.0,9.44,0.0,0.26,0.42,39309.04,6,4,4,4
router_dos,0.0201,0.0244,29,23,0.025,0,0.003,87.52,133.74,0.0,0.0,0.0,0.26,0.42,39309.04,6,4,4,4
router_dos,0.0149,100.9907,13,86093,0.032,0,0.006,144.77,147.98,0.0,10.1,0.0,0.29,0.46,77769.28,6,4,4,4
router_dos,0.0238,0.0326,37,27,0.027,0,0.004,80.59,151.15,0.0,0.0,0.0,0.29,0.46,77769.28,6,4,4,4
router_dos,0.0221,82.0419,19,69998,0.042,0,0.011,146.79,147.97,0.0,8.2,0.0,0.26,0.42,31776.29,6,4,4,4
router_dos,0.02,0.0272,31,23,0.024,0,0.003,81.48,149.52,0.0,0.0,0.0,0.26,0.42,31776.29,6,4,4,4
router_dos,0.044,100.4046,37,85568,0.031,0,0.005,149.84,147.95,0.0,10.04,0.0,0.29,0.46,76878.74,6,4,4,4
router_dos,0.0187,0.0224,29,23,0.021,0,0.002,81.07,122.52,0.0,0.0,0.0,0.29,0.46,76878.74,6,4,4,4
router_dos,0.0228,102.1039,21,86996,0.028,0,0.006,137.14,147.98,0.0,10.21,0.0,0.26,0.42,69742.62,6,4,4,4
router_dos,0.0287,0.0383,44,32,0.029,0,0.006,82.23,150.91,0.0,0.0,0.0,0.26,0.42,69742.62,6,4,4,4
router_dos,0.0209,101.7996,19,86708,0.029,0,0.003,138.58,147.98,0.0,10.18,0.0,0.29,0.46,58350.16,6,4,4,4
router_dos,0.0222,0.0297,34,24,0.022,0,0.002,82.41,156.08,0.0,0.0,0.0,0.29,0.46,58350.16,6,4,4,4
router_dos,0.0346,98.1696,32,83616,0.043,0,0.038,136.38,147.96,0.0,9.82,0.0,0.26,0.41,68538.69,6,4,4,4
router_dos,0.022,0.0282,35,25,0.025,0,0.003,79.06,142.08,0.0,0.0,0.0,0.26,0.41,68538.69,6,4,4,4
router_dos,0.0407,104.956,36,89342,0.025,0,0.002,142.39,147.95,0.0,10.5,0.0,0.26,0.42,66434.55,6,4,4,4
router_dos,0.0258,0.0334,39,29,0.021,0,0.001,83.38,145.24,0.0,0.0,0.0,0.26,0.42,66434.55,6,4,4,4
router_dos,0.0318,77.6886,27,65650,0.039,0,0.02,147.26,147.96,0.0,7.77,0.0,0.29,0.46,78564.15,6,4,4,4
router_dos,0.0127,0.0165,19,15,0.025,0,0.004,84.0,138.53,0.0,0.0,0.0,0.29,0.46,78564.15,6,4,4,4
router_dos,0.0343,103.1898,27,87921,0.025,0,0.002,160.0,147.96,0.0,10.32,0.0,0.26,0.41,56074.72,6,4,4,4
router_dos,0.0275,0.0355,44,32,0.023,0,0.002,78.66,139.81,0.0,0.0,0.0,0.26,0.41,56074.72,6,4,4,4
router_dos,0.0238,101.8039,22,86732,0.029,0,0.005,136.18,147.98,0.0,10.18,0.0,0.29,0.46,75143.98,6,4,4,4
router_dos,0.0094,0.0105,13,11,0.032,0,0.011,91.08,119.27,0.0,0.0,0.0,0.29,0.46,75143.98,6,4,4,4
router_dos,0.0353,93.1973,29,79451,0.027,0,0.004,153.41,147.96,0.0,9.32,0.0,0.26,0.41,69490.76,6,4,4,4
router_dos,0.0164,0.02,26,20,0.027,0,0.003,79.5,126.2,0.0,0.0,0.0,0.26,0.41,69490.76,6,4,4,4
router_dos,0.0344,100.1474,32,85282,0.042,0,0.013,135.53,147.96,0.0,10.01,0.0,0.29,0.46,24358.47,6,4,4,4
router_dos,0.015,0.0202,23,17,0.026,0,0.005,82.43,150.12,0.0,0.0,0.0,0.29,0.46,24358.47,6,4,4,4
router_dos,0.0332,101.0411,29,86096,0.029,0,0.006,144.38,147.97,0.0,10.1,0.0,0.26,0.41,65602.96,6,4,4,4
router_dos,0.0179,0.0202,29,21,0.025,0,0.002,78.0,121.33,0.0,0.0,0.0,0.26,0.41,65602.96,6,4,4,4
router_dos,0.037,101.4107,31,86425,0.035,0,0.011,150.45,147.96,0.0,10.14,0.0,0.29,0.46,73980.93,6,4,4,4
router_dos,0.0128,0.0176,20,16,0.023,0,0.001,80.5,138.5,0.0,0.0,0.0,0.29,0.46,73980.93,6,4,4,4
router_dos,0.0292,100.058,24,85256,0.041,0,0.008,153.33,147.97,0.0,10.01,0.0,0.26,0.41,66856.0,6,4,4,4
router_dos,0.0169,0.0209,27,21,0.024,0,0.002,78.93,125.67,0.0,0.0,0.0,0.26,0.41,66856.0,6,4,4,4
router_synflood,0.0431,0.0527,66,48,0.02,0,0.001,81.67,137.44,0.0,0.01,23482.19,23482.4,23482.53,4.98,7,3,3,3
router_synflood,0.0394,0.0242,36,46,0.036,0,0.009,138.11,66.35,0.0,0.0,23482.19,23482.4,23482.53,4.98,7,3,3,3
router_synflood,59.569,130.1291,137871,137884,0.038,0,0.01,54.02,117.99,5.96,13.01,23482.19,23482.4,23482.53,4.98,7,3,3,3
router_synflood,0.0269,0.0342,42,32,0.027,0,0.003,80.14,133.5,0.0,0.0,121903.32,121903.58,121903.66,5.02,7,3,3,3
router_synflood,0.02,0.0129,17,23,0.045,0,0.024,147.24,70.26,0.0,0.0,121903.32,121903.58,121903.66,5.02,7,3,3,3
router_synflood,49.1073,107.261,113807,113818,0.039,0,0.014,54.02,117.99,4.91,10.73,121903.32,121903.58,121903.66,5.02,7,3,3,3
router_synflood,0.045,0.055,69,51,0.041,0,0.039,81.57,135.08,0.0,0.01,65152.15,65152.37,65152.5,4.94,7,3,3,3
router_synflood,0.0258,0.0169,26,30,0.029,0,0.004,123.92,70.6,0.0,0.0,65152.15,65152.37,65152.5,4.94,7,3,3,3
router_synflood,50.5771,110.4853,117129,117140,0.053,0,0.032,54.02,117.99,5.06,11.05,65152.15,65152.37,65152.5,4.94,7,3,3,3
router_synflood,0.0241,0.0278,36,28,0.023,0,0.002,84.06,124.68,0.0,0.0,118001.47,118001.69,118001.83,5.28,7,3,3,3
router_synflood,0.0203,0.0127,22,24,0.032,0,0.008,115.23,66.25,0.0,0.0,118001.47,118001.69,118001.83,5.28,7,3,3,3
router_synflood,49.5686,108.2604,114707,114718,0.052,0,0.033,54.03,117.99,4.96,10.83,118001.47,118001.69,118001.83,5.28,7,3,3,3
router_synflood,0.027,0.0316,41,31,0.036,0,0.014,83.07,128.81,0.0,0.0,44437.39,44437.66,44437.75,5.15,7,3,3,3
router_synflood,0.0211,0.0131,18,24,0.028,0,0.003,147.22,68.67,0.0,0.0,44437.39,44437.66,44437.75,5.15,7,3,3,3
router_synflood,53.0885,115.9473,124031,124052,0.033,0,0.006,54.03,117.98,5.31,11.59,44437.39,44437.66,44437.75,5.15,7,3,3,3
router_synflood,0.0254,0.0296,38,28,0.027,0,0.005,84.37,133.29,0.0,0.0,122189.58,122189.75,122189.92,4.55,7,3,3,3
router_synflood,0.0216,0.0138,19,25,0.033,0,0.009,143.11,69.68,0.0,0.0,122189.58,122189.75,122189.92,4.55,7,3,3,3
router_synflood,54.7004,119.4847,127845,127857,0.037,0,0.017,54.02,117.99,5.47,11.95,122189.58,122189.75,122189.92,4.55,7,3,3,3
router_synflood,0.0335,0.0416,52,38,0.05,0,0.021,81.08,137.76,0.0,0.0,0.0,0.21,0.34,4.98,7,3,3,3
router_synflood,0.0275,0.0168,25,31,0.038,0,0.011,137.32,67.74,0.0,0.0,0.0,0.21,0.34,4.98,7,3,3,3
router_synflood,53.6247,117.1358,124370,124380,0.047,0,0.024,54.02,117.99,5.36,11.71,0.0,0.21,0.34,4.98,7,3,3,3
router_synflood,0.0336,0.0391,50,38,0.029,0,0.008,84.76,129.76,0.0,0.0,94352.57,94352.79,94352.92,4.64,7,3,3,3
router_synflood,0.031,0.0201,26,36,0.03,0,0.009,150.31,70.5,0.0,0.0,94352.57,94352.79,94352.92,4.64,7,3,3,3
router_synflood,53.7772,117.4746,124556,124572,0.039,0,0.012,54.02,117.99,5.38,11.75,94352.57,94352.79,94352.92,4.64,7,3,3,3
router_synflood,0.0367,0.0451,57,41,0.026,0,0.003,80.7,138.02,0.0,0.0,113850.39,113850.69,113850.73,4.97,7,3,3,3
router_synflood,0.0156,0.0096,14,18,0.034,0,0.004,140.71,67.44,0.0,0.0,113850.39,113850.69,113850.73,4.97,7,3,3,3
router_synflood,54.8723,119.8661,128247,128255,0.035,0,0.008,54.02,117.99,5.49,11.99,113850.39,113850.69,113850.73,4.97,7,3,3,3
router_synflood,0.0269,0.0327,41,31,0.04,0,0.019,82.2,131.81,0.0,0.0,0.0,0.22,0.35,4.7,7,3,3,3
router_synflood,0.0429,0.0273,48,51,0.028,0,0.005,112.21,67.18,0.0,0.0,0.0,0.22,0.35,4.7,7,3,3,3
router_synflood,54.5009,119.0749,126584,126590,0.063,0,0.051,54.01,118.0,5.45,11.91,0.0,0.22,0.35,4.7,7,3,3,3
router_synflood,0.0302,0.0356,45,33,0.024,0,0.003,84.22,135.18,0.0,0.0,105204.88,105205.11,105205.24,5.11,7,3,3,3
router_synflood,0.0302,0.0202,27,35,0.04,0,0.017,139.89,72.11,0.0,0.0,105204.88,105205.11,105205.24,5.11,7,3,3,3
router_synflood,58.5261,127.8798,136719,136722,0.032,0,0.006,54.0,118.0,5.85,12.79,105204.88,105205.11,105205.24,5.11,7,3,3,3
router_synflood,0.0451,0.0542,68,48,0.026,0,0.004,82.85,141.12,0.0,0.01,122095.61,122095.83,122095.96,5.04,7,3,3,3
router_synflood,0.0184,0.0128,23,23,0.035,0,0.006,101.13,70.0,0.0,0.0,122095.61,122095.83,122095.96,5.04,7,3,3,3
router_synflood,53.8075,117.5374,124782,124792,0.04,0,0.024,54.02,117.99,5.38,11.75,122095.61,122095.83,122095.96,5.04,7,3,3,3
router_synflood,0.0245,0.0294,37,27,0.023,0,0.004,82.81,136.3,0.0,0.0,8941.22,8941.43,8941.56,4.56,7,3,3,3
router_synflood,0.0227,0.0152,21,27,0.033,0,0.006,136.57,71.11,0.0,0.0,8941.22,8941.43,8941.56,4.56,7,3,3,3
router_synflood,55.5517,121.3607,128577,128586,0.03,0,0.004,54.01,117.99,5.56,12.14,8941.22,8941.43,8941.56,4.56,7,3,3,3
router_synflood,0.0339,0.0403,52,38,0.031,0,0.006,82.92,134.68,0.0,0.0,119284.44,119284.66,119284.78,4.85,7,3,3,3
router_synflood,0.0073,0.0054,11,9,0.033,0,0.007,83.18,75.56,0.0,0.0,119284.44,119284.66,119284.78,4.85,7,3,3,3
router_synflood,41.216,89.9981,95936,95953,0.034,0,0.003,54.04,117.98,4.12,9.0,119284.44,119284.66,119284.78,4.85,7,3,3,3
router_synflood,0.0237,0.0282,36,28,0.024,0,0.002,82.28,125.93,0.0,0.0,116820.58,116820.8,116820.94,5.06,7,3,3,3
router_synflood,0.0183,0.013,21,23,0.041,0,0.016,109.71,71.57,0.0,0.0,116820.58,116820.8,116820.94,5.06,7,3,3,3
router_synflood,53.5976,117.1002,124680,124693,0.041,0,0.018,54.01,117.99,5.36,11.71,116820.58,116820.8,116820.94,5.06,7,3,3,3
router_synflood,0.0298,0.0343,44,32,0.025,0,0.006,84.82,134.19,0.0,0.0,5350.24,5350.45,5350.58,5.01,7,3,3,3
router_synflood,0.0145,0.0099,15,17,0.03,0,0.005,121.27,73.06,0.0,0.0,5350.24,5350.45,5350.58,5.01,7,3,3,3
router_synflood,51.6267,112.7716,120669,120681,0.04,0,0.01,54.02,117.99,5.16,11.28,5350.24,5350.45,5350.58,5.01,7,3,3,3
router_synflood,0.0334,0.039,50,38,0.033,0,0.018,83.64,128.58,0.0,0.0,117662.68,117662.91,117663.04,5.42,7,3,3,3
router_synflood,0.0277,0.018,28,32,0.047,0,0.039,123.79,70.44,0.0,0.0,117662.68,117662.91,117663.04,5.42,7,3,3,3
router_synflood,49.8623,108.914,116001,116013,0.052,0,0.045,54.02,117.99,4.99,10.89,117662.68,117662.91,117663.04,5.42,7,3,3,3
router_synflood,0.0285,0.0337,43,31,0.029,0,0.006,83.07,136.45,0.0,0.0,110614.6,110614.86,110614.95,4.61,7,3,3,3
router_synflood,0.0167,0.0101,13,19,0.041,0,0.014,162.38,66.84,0.0,0.0,110614.6,110614.86,110614.95,4.61,7,3,3,3
router_synflood,52.4855,114.6571,122637,122643,0.037,0,0.01,54.01,117.99,5.25,11.47,110614.6,110614.86,110614.95,4.61,7,3,3,3
router_synflood,0.0293,0.0344,44,32,0.023,0,0.003,83.41,134.84,0.0,0.0,1432.05,1432.36,1432.4,4.97,7,3,3,3
router_synflood,0.0213,0.014,28,26,0.028,0,0.007,95.32,67.31,0.0,0.0,1432.05,1432.36,1432.4,4.97,7,3,3,3
router_synflood,55.7511,121.7902,129216,129225,0.032,0,0.002,54.02,117.99,5.58,12.18,1432.05,1432.36,1432.4,4.97,7,3,3,3
router_synflood,0.0357,0.0453,56,40,0.029,0,0.006,79.89,141.97,0.0,0.0,124112.39,124112.53,124112.75,4.83,7,3,3,3
router_synflood,0.0187,0.0114,16,21,0.036,0,0.009,146.81,68.48,0.0,0.0,124112.39,124112.53,124112.75,4.83,7,3,3,3
router_synflood,31.6761,69.1892,73741,73747,0.037,0,0.007,54.02,117.99,3.17,6.92,124112.39,124112.53,124112.75,4.83,7,3,3,3
router_synflood,0.0431,0.0496,64,48,0.027,0,0.005,84.5,129.65,0.0,0.0,100692.03,100692.3,100692.39,4.92,7,3,3,3
router_synflood,0.0083,0.006,13,11,0.032,0,0.003,80.54,68.73,0.0,0.0,100692.03,100692.3,100692.39,4.92,7,3,3,3
router_synflood,39.147,85.5136,90773,90782,0.033,0,0.006,54.02,117.99,3.91,8.55,100692.03,100692.3,100692.39,4.92,7,3,3,3
router_synflood,0.027,0.0329,42,32,0.023,0,0.005,81.29,129.91,0.0,0.0,7483.03,7483.25,7483.38,5.2,7,3,3,3
router_synflood,0.0245,0.0154,20,28,0.032,0,0.006,153.75,69.07,0.0,0.0,7483.03,7483.25,7483.38,5.2,7,3,3,3
router_synflood,57.9062,126.4836,134080,134092,0.031,0,0.006,54.02,117.99,5.79,12.65,7483.03,7483.25,7483.38,5.2,7,3,3,3
router_synflood,0.0233,0.0275,36,27,0.023,0,0.003,80.94,127.37,0.0,0.0,127693.28,127693.54,127693.63,4.85,7,3,3,3
router_synflood,0.0412,0.025,33,47,0.034,0,0.006,157.76,67.28,0.0,0.0,127693.28,127693.54,127693.63,4.85,7,3,3,3
router_synflood,56.7595,124.015,131457,131458,0.033,0,0.002,54.01,118.0,5.68,12.4,127693.28,127693.54,127693.63,4.85,7,3,3,3
router_synflood,0.0365,0.042,54,38,0.023,0,0.004,85.3,139.55,0.0,0.0,74420.33,74420.55,74420.68,5.53,7,3,3,3
router_synflood,0.0272,0.0187,24,32,0.034,0,0.006,141.79,72.94,0.0,0.0,74420.33,74420.55,74420.68,5.53,7,3,3,3
router_synflood,56.591,123.6202,132247,132257,0.029,0,0.003,54.02,117.99,5.66,12.36,74420.33,74420.55,74420.68,5.53,7,3,3,3
router_synflood,0.0393,0.0485,61,45,0.027,0,0.006,81.34,135.98,0.0,0.0,124795.87,124796.09,124796.22,4.93,7,3,3,3
router_synflood,0.0296,0.0187,26,34,0.031,0,0.008,142.38,68.59,0.0,0.0,124795.87,124796.09,124796.22,4.93,7,3,3,3
router_synflood,56.2298,122.8258,131417,131433,0.034,0,0.004,54.02,117.99,5.62,12.28,124795.87,124796.09,124796.22,4.93,7,3,3,3
router_synflood,0.0473,0.0567,72,54,0.026,0,0.002,82.36,131.67,0.0,0.01,76764.76,76764.98,76765.11,5.24,7,3,3,3
router_synflood,0.0179,0.0135,18,22,0.065,0,0.058,125.39,77.18,0.0,0.0,76764.76,76764.98,76765.11,5.24,7,3,3,3
router_synflood,44.0068,96.125,102030,102040,0.038,0,0.011,54.02,117.99,4.4,9.61,76764.76,76764.98,76765.11,5.24,7,3,3,3
router_synflood,0.0447,0.0524,67,49,0.03,0,0.002,84.06,134.63,0.0,0.01,89899.68,89899.9,89900.03,4.58,7,3,3,3
router_synflood,0.0205,0.0125,18,23,0.043,0,0.019,142.5,68.0,0.0,0.0,89899.68,89899.9,89900.03,4.58,7,3,3,3
router_synflood,43.0077,93.9457,99774,99779,0.046,0,0.01,54.02,117.99,4.3,9.39,89899.68,89899.9,89900.03,4.58,7,3,3,3
router_synflood,0.0206,0.025,32,26,0.021,0,0.003,81.19,121.08,0.0,0.0,38534.67,38534.9,38535.03,4.97,7,3,3,3
router_synflood,0.0145,0.0096,13,17,0.029,0,0.007,140.92,70.82,0.0,0.0,38534.67,38534.9,38535.03,4.97,7,3,3,3
router_synflood,52.9521,115.6569,122552,122562,0.033,0,0.011,54.02,117.98,5.3,11.57,38534.67,38534.9,38535.03,4.97,7,3,3,3
router_synflood,0.03,0.0374,47,35,0.022,0,0.004,80.51,134.89,0.0,0.0,138988.25,138988.46,138988.58,4.69,7,3,3,3
router_synflood,0.0185,0.0115,15,21,0.027,0,0.003,153.8,68.48,0.0,0.0,138988.25,138988.46,138988.58,4.69,7,3,3,3
router_synflood,65.0615,142.1185,151888,151902,0.029,0,0.003,54.02,117.99,6.51,14.21,138988.25,138988.46,138988.58,4.69,7,3,3,3
router_synflood,0.0473,0.0574,72,52,0.023,0,0.004,82.22,138.02,0.0,0.01,132841.76,132841.97,132842.09,4.63,7,3,3,3
router_synflood,0.0201,0.0127,19,23,0.027,0,0.002,132.0,69.13,0.0,0.0,132841.76,132841.97,132842.09,4.63,7,3,3,3
router_synflood,63.4236,138.5581,148034,148041,0.042,0,0.019,54.01,117.99,6.34,13.86,132841.76,132841.97,132842.09,4.63,7,3,3,3
router_synflood,0.0325,0.0392,50,36,0.024,0,0.002,82.04,137.44,0.0,0.0,15263.92,15264.25,15264.25,4.71,7,3,3,3
router_synflood,0.0348,0.022,35,41,0.03,0,0.013,125.31,67.61,0.0,0.0,15263.92,15264.25,15264.25,4.71,7,3,3,3
router_synflood,67.2237,146.852,156869,156876,0.034,0,0.01,54.02,117.99,6.72,14.69,15263.92,15264.25,15264.25,4.71,7,3,3,3
router_synflood,0.0356,0.0437,56,43,0.03,0,0.013,80.25,128.23,0.0,0.0,148918.27,148918.35,148918.62,5.1,7,3,3,3
router_synflood,0.0061,0.0038,5,7,0.031,0,0.005,153.8,68.0,0.0,0.0,148918.27,148918.35,148918.62,5.1,7,3,3,3
router_synflood,59.3347,129.6238,137343,137352,0.027,0,0.003,54.01,117.99,5.93,12.96,148918.27,148918.35,148918.62,5.1,7,3,3,3
router_synflood,0.0361,0.0458,56,42,0.024,0,0.005,81.18,137.26,0.0,0.0,133512.73,133512.93,133513.05,4.63,7,3,3,3
router_synflood,0.025,0.0162,28,30,0.032,0,0.007,112.54,68.13,0.0,0.0,133512.73,133512.93,133513.05,4.63,7,3,3,3
router_synflood,64.572,141.067,150829,150837,0.028,0,0.002,54.01,117.99,6.46,14.11,133512.73,133512.93,133513.05,4.63,7,3,3,3
router_synflood,0.0441,0.0502,65,45,0.028,0,0.01,85.63,140.76,0.0,0.01,27780.07,27780.29,27780.42,5.38,7,3,3,3
router_synflood,0.025,0.0173,28,30,0.025,0,0.001,112.82,72.6,0.0,0.0,27780.07,27780.29,27780.42,5.38,7,3,3,3
router_synflood,66.3464,144.955,154829,154836,0.033,0,0.013,54.01,118.0,6.63,14.5,27780.07,27780.29,27780.42,5.38,7,3,3,3
router_synflood,0.0405,0.0504,63,45,0.021,0,0.002,81.14,141.33,0.0,0.01,135302.66,135302.87,135302.99,5.1,7,3,3,3
router_synflood,0.0235,0.0146,23,27,0.031,0,0.007,128.09,67.85,0.0,0.0,135302.66,135302.87,135302.99,5.1,7,3,3,3
router_synflood,53.0077,115.7767,122890,122901,0.037,0,0.019,54.02,117.99,5.3,11.58,135302.66,135302.87,135302.99,5.1,7,3,3,3
router_synflood,0.034,0.0401,51,37,0.023,0,0.005,83.45,135.57,0.0,0.0,135543.1,135543.31,135543.47,4.76,7,3,3,3
router_synflood,0.0252,0.0157,26,30,0.027,0,0.002,122.19,66.13,0.0,0.0,135543.1,135543.31,135543.47,4.76,7,3,3,3
router_synflood,64.0665,139.9662,149591,149598,0.03,0,0.007,54.01,117.99,6.41,14.0,135543.1,135543.31,135543.47,4.76,7,3,3,3
router_synflood,0.0356,0.0449,56,42,0.026,0,0.006,80.0,134.71,0.0,0.0,0.0,0.2,0.37,4.92,7,3,3,3
router_synflood,0.0325,0.0215,33,39,0.027,0,0.005,124.33,69.54,0.0,0.0,0.0,0.2,0.37,4.92,7,3,3,3
router_synflood,69.8061,152.4888,162886,162900,0.025,0,0.006,54.02,117.99,6.98,15.25,0.0,0.2,0.37,4.92,7,3,3,3
router_synflood,0.0345,0.0423,53,37,0.021,0,0.004,82.08,143.92,0.0,0.0,126684.38,126684.61,126684.79,5.29,7,3,3,3
router_synflood,0.0298,0.0187,26,34,0.028,0,0.004,143.58,68.94,0.0,0.0,126684.38,126684.61,126684.79,5.29,7,3,3,3
router_synflood,55.9462,122.2035,130616,130633,0.027,0,0.003,54.02,117.99,5.59,12.22,126684.38,126684.61,126684.79,5.29,7,3,3,3
router_synflood,0.0272,0.0334,42,30,0.02,0,0.003,81.71,140.4,0.0,0.0,135977.36,135977.56,135977.73,4.78,7,3,3,3
router_synflood,0.0166,0.0119,16,20,0.029,0,0.004,130.06,74.4,0.0,0.0,135977.36,135977.56,135977.73,4.78,7,3,3,3
router_synflood,64.0507,139.908,149566,149581,0.029,0,0.001,54.02,117.99,6.41,13.99,135977.36,135977.56,135977.73,4.78,7,3,3,3
router_synflood,0.0366,0.0455,57,41,0.024,0,0.01,80.95,139.88,0.0,0.0,71625.11,71625.31,71625.43,5.15,7,3,3,3
router_synflood,0.0207,0.0133,20,24,0.026,0,0.003,130.3,69.75,0.0,0.0,71625.11,71625.31,71625.43,5.15,7,3,3,3
router_synflood,65.9302,144.0379,153836,153840,0.023,0,0.002,54.01,117.99,6.59,14.4,71625.11,71625.31,71625.43,5.15,7,3,3,3
router_synflood,0.0161,0.0196,25,19,0.019,0,0.0,81.2,130.16,0.0,0.0,131473.48,131473.69,131473.81,4.82,7,3,3,3
router_synflood,0.024,0.0142,19,27,0.025,0,0.004,159.37,66.22,0.0,0.0,131473.48,131473.69,131473.81,4.82,7,3,3,3
router_synflood,63.9544,139.6838,149256,149273,0.035,0,0.009,54.03,117.99,6.4,13.97,131473.48,131473.69,131473.81,4.82,7,3,3,3
router_synflood,0.0461,0.0542,70,51,0.024,0,0.006,82.49,133.0,0.0,0.01,43524.39,43524.64,43524.72,4.7,7,3,3,3
router_synflood,0.0287,0.0192,32,34,0.028,0,0.006,113.34,71.47,0.0,0.0,43524.39,43524.64,43524.72,4.7,7,3,3,3
router_synflood,68.0884,148.7405,158833,158847,0.024,0,0.004,54.02,117.99,6.81,14.87,43524.39,43524.64,43524.72,4.7,7,3,3,3
router_synflood,0.0575,0.0681,87,65,0.021,0,0.002,83.31,132.06,0.01,0.01,148211.05,148211.28,148211.41,5.15,7,3,3,3
router_synflood,0.0251,0.0161,23,29,0.026,0,0.004,137.43,69.86,0.0,0.0,148211.05,148211.28,148211.41,5.15,7,3,3,3
router_synflood,60.5612,132.297,141349,141357,0.027,0,0.003,54.02,117.99,6.06,13.23,148211.05,148211.28,148211.41,5.15,7,3,3,3
router_synflood,0.0341,0.0419,53,39,0.02,0,0.002,81.17,135.54,0.0,0.0,130567.46,130567.62,130567.79,4.84,7,3,3,3
router_synflood,0.0234,0.016,28,28,0.031,0,0.003,105.57,72.07,0.0,0.0,130567.46,130567.62,130567.79,4.84,7,3,3,3
router_synflood,57.6656,125.943,133991,134010,0.026,0,0.003,54.03,117.99,5.77,12.59,130567.46,130567.62,130567.79,4.84,7,3,3,3
router_synflood,0.0355,0.044,55,39,0.024,0,0.006,81.45,142.21,0.0,0.0,43645.52,43645.73,43645.85,5.0,7,3,3,3
router_synflood,0.0222,0.0147,20,26,0.028,0,0.002,139.85,71.46,0.0,0.0,43645.52,43645.73,43645.85,5.0,7,3,3,3
router_synflood,66.5171,145.3222,155259,155273,0.025,0,0.001,54.01,117.99,6.65,14.53,43645.52,43645.73,43645.85,5.0,7,3,3,3
router_synflood,0.0251,0.0311,39,29,0.024,0,0.007,81.13,135.14,0.0,0.0,144230.03,144230.3,144230.39,5.64,7,3,3,3
router_synflood,0.0145,0.0096,13,17,0.03,0,0.008,140.92,71.41,0.0,0.0,144230.03,144230.3,144230.39,5.64,7,3,3,3
router_synflood,67.1231,146.6549,156702,156715,0.026,0,0.003,54.01,118.0,6.71,14.67,144230.03,144230.3,144230.39,5.64,7,3,3,3
fault,0.0424,0.0246,38,50,206.696,20,21.124,140.37,61.9,0.0,0.0,0.0,0.29,0.46,0.87,6,4,4,4
fault,0.0109,0.0073,12,14,203.414,0,28.463,113.58,65.0,0.0,0.0,0.0,0.26,0.42,0.58,6,4,4,4
fault,0.0514,0.0289,42,53,194.283,0,31.099,153.88,68.55,0.01,0.0,0.0,0.29,0.46,0.75,6,4,4,4
fault,0.028,0.0166,24,31,238.295,20,11.618,146.08,67.16,0.0,0.0,0.0,0.29,0.46,0.87,6,4,4,4
fault,0.017,0.0108,16,20,215.537,0,26.625,133.69,67.8,0.0,0.0,0.0,0.26,0.42,0.63,6,4,4,4
fault,0.0156,0.0114,15,20,236.937,40,9.191,130.6,71.6,0.0,0.0,0.0,0.29,0.46,0.69,6,4,4,4
fault,0.0277,0.0173,27,31,201.822,0,23.546,128.81,69.84,0.0,0.0,0.0,0.29,0.46,0.87,6,4,4,4
fault,0.0279,0.0183,28,35,230.994,0,12.739,124.75,65.51,0.0,0.0,0.0,0.29,0.46,0.81,6,4,4,4
fault,0.0171,0.0116,20,24,224.556,20,15.692,107.45,60.58,0.0,0.0,0.0,0.29,0.46,0.63,6,4,4,4
fault,0.0136,0.0089,14,17,197.322,0,26.188,122.07,66.24,0.0,0.0,0.0,0.28,0.44,0.83,6,4,4,4
fault,0.0359,0.0224,30,40,213.069,20,33.438,150.23,70.35,0.0,0.0,0.0,0.29,0.46,0.63,6,4,4,4
fault,0.0209,0.0146,19,25,207.621,0,27.074,138.63,73.6,0.0,0.0,0.0,0.26,0.42,0.69,6,4,4,4
fault,0.022,0.0116,19,20,184.972,20,26.75,145.26,72.6,0.0,0.0,0.0,0.29,0.46,0.87,6,4,4,4
fault,0.0159,0.0111,17,21,191.026,0,27.964,118.24,66.43,0.0,0.0,0.0,0.26,0.42,0.73,6,4,4,4
fault,0.0391,0.024,36,43,400.081,0,392.31,137.03,70.47,0.0,0.0,0.0,0.29,0.46,0.87,6,4,4,4
fault,0.0183,0.0128,16,22,167.527,60,2.247,143.62,73.0,0.0,0.0,0.0,0.28,0.44,0.83,6,4,4,4
fault,0.0449,0.0264,38,50,195.727,20,32.996,148.24,66.34,0.0,0.0,0.0,0.28,0.44,0.66,6,4,4,4
fault,0.0189,0.0143,23,29,189.75,20,25.08,103.74,61.93,0.0,0.0,0.0,0.26,0.41,0.72,6,4,4,4
fault,0.0413,0.0272,35,44,206.916,0,26.622,147.77,77.32,0.0,0.0,0.0,0.29,0.46,0.87,6,4,4,4
fault,0.0262,0.0161,24,30,176.482,0,28.922,137.46,67.53,0.0,0.0,0.0,0.27,0.44,0.82,6,4,4,4
fault,0.0291,0.0196,24,36,185.724,40,21.346,152.08,68.11,0.0,0.0,0.0,0.29,0.46,0.81,6,4,4,4
fault,0.026,0.0141,24,25,214.293,20,24.739,136.17,70.8,0.0,0.0,0.0,0.27,0.44,0.66,6,4,4,4
fault,0.0273,0.0161,24,30,202.478,20,29.965,142.75,67.3,0.0,0.0,0.0,0.27,0.44,0.77,6,4,4,4
fault,0.0109,0.0084,12,13,218.188,0,13.805,113.83,80.92,0.0,0.0,0.0,0.29,0.46,0.87,6,4,4,4
fault,0.0249,0.0162,22,28,197.191,60,32.63,142.27,72.79,0.0,0.0,0.0,0.29,0.46,0.69,6,4,4,4
fault,0.0261,0.0152,22,27,175.54,40,15.482,149.91,71.19,0.0,0.0,0.0,0.27,0.44,0.6,6,4,4,4
fault,0.0206,0.0137,19,24,196.707,20,31.287,136.11,72.0,0.0,0.0,0.0,0.28,0.44,0.83,6,4,4,4
fault,0.0345,0.0201,27,37,215.525,0,10.784,159.7,67.89,0.0,0.0,0.0,0.27,0.43,0.75,6,4,4,4
fault,0.0472,0.0286,41,54,229.502,60,2.79,143.9,66.26,0.0,0.0,0.0,0.26,0.42,0.68,6,4,4,4
fault,0.0202,0.0137,20,26,205.095,40,14.518,126.15,65.88,0.0,0.0,0.0,0.28,0.44,0.5,6,4,4,4
fault,0.0153,0.0125,15,21,212.853,0,17.026,127.87,74.67,0.0,0.0,0.0,0.25,0.4,0.71,6,4,4,4
fault,0.042,0.0242,34,45,206.966,0,19.571,155.0,67.47,0.0,0.0,0.0,0.26,0.42,0.78,6,4,4,4
fault,0.0267,0.0158,22,29,204.62,40,31.733,152.91,68.62,0.0,0.0,0.0,0.29,0.46,0.58,6,4,4,4
fault,0.0329,0.0202,26,36,206.748,40,27.441,159.08,70.61,0.0,0.0,0.0,0.25,0.4,0.65,6,4,4,4
fault,0.0337,0.0208,30,37,208.081,40,12.159,141.07,70.76,0.0,0.0,0.0,0.29,0.46,0.86,6,4,4,4
fault,0.0375,0.0217,30,40,198.843,20,25.811,157.13,68.25,0.0,0.0,0.0,0.25,0.4,0.65,6,4,4,4
fault,0.0259,0.0192,27,35,203.535,0,8.847,120.7,68.83,0.0,0.0,0.0,0.29,0.46,0.87,6,4,4,4
fault,0.0441,0.0268,41,51,204.886,20,20.219,135.39,66.12,0.0,0.0,0.0,0.26,0.41,0.67,6,4,4,4
fault,0.0115,0.0069,9,13,183.066,20,22.626,160.0,66.77,0.0,0.0,0.0,0.28,0.44,0.61,6,4,4,4
fault,0.0277,0.0174,25,33,211.946,20,33.435,139.24,66.3,0.0,0.0,0.0,0.24,0.39,0.68,6,4,4,4
fault,0.0106,0.0057,11,8,211.548,20,16.379,121.27,89.0,0.0,0.0,0.0,0.28,0.44,0.77,6,4,4,4
fault,0.0176,0.011,16,21,212.69,0,29.787,138.5,65.81,0.0,0.0,0.0,0.29,0.46,0.87,6,4,4,4
fault,0.0215,0.0125,17,21,185.499,60,16.347,158.18,74.38,0.0,0.0,0.0,0.26,0.41,0.72,6,4,4,4
fault,0.0404,0.024,34,44,201.197,0,28.401,149.03,68.5,0.0,0.0,0.0,0.28,0.44,0.44,6,4,4,4
fault,0.0281,0.0186,26,37,194.219,20,41.253,135.92,63.38,0.0,0.0,0.0,0.29,0.46,0.86,6,4,4,4
fault,0.0256,0.0166,25,33,190.013,0,24.671,128.56,63.27,0.0,0.0,0.0,0.25,0.4,0.69,6,4,4,4
